<?xml version="1.0" encoding="utf-8"?>
<manifest xmlns:android="http://schemas.android.com/apk/res/android"
      package="com.tsunami"
      android:versionCode="1"
      android:versionName="1.0">
    <uses-sdk android:minSdkVersion="11" />
        
        <uses-permission android:name="android.permission.READ_CONTACTS" />
        
    <application android:icon="@drawable/icon" android:label="@string/app_name">
                <provider android:name=".provider.TodoListProvider"
            android:authorities="com.tsunami.provider.TodoList"
            android:exported="false">
            <grant-uri-permission android:pathPattern=".*" />
        </provider>
        <activity android:name=".activity.TodoListActivity">
            <intent-filter>
                <action android:name="android.intent.action.MAIN" />
                <category android:name="android.intent.category.LAUNCHER" />
            </intent-filter>
        </activity>

    </application>
</manifest>
