<?xml version="1.0" encoding="utf-8"?>
<!-- Copyright (C) 2007 The Android Open Source Project

     Licensed under the Apache License, Version 2.0 (the "License");
     you may not use this file except in compliance with the License.
     You may obtain a copy of the License at
  
          http://www.apache.org/licenses/LICENSE-2.0
  
     Unless required by applicable law or agreed to in writing, software
     distributed under the License is distributed on an "AS IS" BASIS,
     WITHOUT WARRANTIES OR CONDITIONS OF ANY KIND, either express or implied.
     See the License for the specific language governing permissions and
     limitations under the License.
-->

<manifest xmlns:android="http://schemas.android.com/apk/res/android"
        package="com.android.providers.telephony"
        android:sharedUserId="android.uid.phone">

    <uses-permission android:name="android.permission.WRITE_EXTERNAL_STORAGE" />

    <application android:process="com.android.phone"
                 android:allowClearUserData="false"
                 android:label="@string/app_label"
                 android:icon="@drawable/ic_launcher_phone">

        <provider android:name="TelephonyProvider"
                  android:authorities="telephony"
                  android:multiprocess="true" />

        <provider android:name="SmsProvider"
                  android:authorities="sms"
                  android:multiprocess="true"
                  android:readPermission="android.permission.READ_SMS"
                  android:writePermission="android.permission.WRITE_SMS" />

        <provider android:name="MmsProvider"
                  android:authorities="mms"
                  android:multiprocess="true"
                  android:readPermission="android.permission.READ_SMS"
                  android:writePermission="android.permission.WRITE_SMS">
            <grant-uri-permission android:pathPrefix="/part/" />
            <grant-uri-permission android:pathPrefix="/drm/" />
        </provider>

        <provider android:name="MmsSmsProvider"
                  android:authorities="mms-sms"
                  android:multiprocess="true"
                  android:readPermission="android.permission.READ_SMS"
                  android:writePermission="android.permission.WRITE_SMS" />
    </application>
</manifest>
