<?xml version="1.0" encoding="utf-8"?>
<manifest package="se.joinenea.bishopsarm" android:versionName="2.1.0" android:versionCode="2" xmlns:android="http://schemas.android.com/apk/res/android">
    <application 
        android:icon="@drawable/icon" 
        android:label="@string/app_name" 
        android:debuggable="true">
        <activity android:name=".Sensors"
                  android:label="@string/app_name"
                  android:debuggable="true"
                  android:screenOrientation="portrait">
            <intent-filter>
                <action android:name="android.intent.action.MAIN"/>
                <category android:name="android.intent.category.LAUNCHER" />
            </intent-filter>
        </activity>
        <activity android:name="DeviceListActivity"
                  android:label="@string/bluetoothConnector"
                  android:debuggable="true"
                  android:screenOrientation="portrait">
            <intent-filter>
                <action android:name="android.intent.action.VIEW"/>
                <action android:name="android.intent.action.PICK"/>
                <category android:name="android.intent.category.DEFAULT" />
            </intent-filter>
        </activity>
    
</application>

<uses-permission android:name="android.permission.WAKE_LOCK"></uses-permission>
<uses-permission android:name="android.permission.BLUETOOTH"></uses-permission>
<uses-permission android:name="android.permission.BLUETOOTH_ADMIN"></uses-permission>
<uses-sdk android:minSdkVersion="7"></uses-sdk>
</manifest> 
