<?xml version="1.0" encoding="utf-8"?>
<manifest xmlns:android="http://schemas.android.com/apk/res/android"
      android:versionCode="5" android:versionName="2.0" package="guides.city.ar" 
      android:installLocation="auto">

    <uses-sdk android:minSdkVersion="3" android:targetSdkVersion="8"/>

        <uses-permission android:name="android.permission.ACCESS_FINE_LOCATION" />
        <uses-permission android:name="android.permission.INTERNET" />
        <uses-permission android:name="android.permission.CAMERA" />
        <uses-permission android:name="android.permission.CALL_PHONE" />
        <uses-permission android:name="android.permission.READ_PHONE_STATE" />
        <uses-permission android:name="android.permission.ACCESS_COARSE_LOCATION"/>
        <uses-permission android:name="android.permission.ACCESS_NETWORK_STATE" />
        <uses-feature android:name="android.hardware.camera" /> 
        <!--  uses-feature android:name="android.hardware.camera.autofocus" / -->

 <application android:label="@string/app_name" 
                          android:icon="@drawable/ic_launcher" >
                          
        <uses-library android:name="com.google.android.maps" />
        
        <activity android:label="@string/app_name" android:name=".HomeScreen" 
                android:screenOrientation="user"  
                android:theme="@style/CustomWindowTheme"
                android:launchMode="singleTop" >
        
            <intent-filter>
                <action android:name="android.intent.action.MAIN" />
                <category android:name="android.intent.category.LAUNCHER" />
            </intent-filter> 
            
            <meta-data android:name="android.app.default_searchable"
                                           android:value=".POISearchableActivity" />
        </activity>
               
        <activity android:label="@string/app_name" android:name=".YellowPagesHomeScreen" 
                android:screenOrientation="user"  
                android:theme="@style/CustomWindowTheme"
                android:launchMode="singleTop" />
                
        <activity android:label="@string/app_name" android:name=".GogglesView" 
                          android:screenOrientation="landscape"  
                          android:launchMode="singleTop" > 
        
            <intent-filter>  
                  <action android:name="android.intent.action.VIEW" />
                                  <category android:name="android.intent.category.DEFAULT" />
                                  <category android:name="android.intent.category.BROWSABLE" />
                                  <data android:scheme="http" android:mimeType="application/mixare-json"/>
                                  <data android:scheme="content" android:mimeType="application/mixare-json"/>
            </intent-filter>
            
        </activity> 
        
                <activity android:name=".POIListView" 
                        android:screenOrientation="user" 
                        android:theme="@style/CustomWindowTheme"
                        android:configChanges="orientation|screenLayout"
                        android:launchMode="singleTop">
                </activity>
                
                <activity android:name=".GuidePreferenceActivity" 
                        android:screenOrientation="user" 
                        android:theme="@style/CustomWindowTheme"
                        android:launchMode="singleTop">
                </activity>

                <activity android:name=".LicenceActivity" 
                        android:screenOrientation="user" 
                        android:theme="@style/CustomWindowTheme"
                        android:launchMode="singleTop">
                </activity>
                
                <activity android:name=".MapDirectionsActivity" 
                        android:screenOrientation="user" 
                        android:launchMode="singleTop">
                </activity>
                
                <activity android:label="@string/app_name" android:name=".PostCardActivity"
                                  android:theme="@android:style/Theme.NoTitleBar" 
                          android:screenOrientation="landscape" > 
        </activity>  
        
                <activity android:name=".WebBrowserActivity" android:label="@string/app_name"
                android:theme="@android:style/Theme.NoTitleBar" 
                android:screenOrientation="user">
        </activity>  
        
        <activity android:name=".POISummaryActivity" android:label="@string/app_name"
                android:screenOrientation="user" android:theme="@style/CustomWindowTheme" 
                android:configChanges="orientation|screenLayout">
        </activity> 
                
                <activity android:name=".POISearchableActivity" 
                                android:screenOrientation="user" android:theme="@style/CustomWindowTheme" 
                                android:configChanges="orientation|screenLayout">
                        <intent-filter> 
                                <action android:name="android.intent.action.SEARCH" />
                        </intent-filter> 
                        <meta-data android:name="android.app.searchable"
                                android:resource="@xml/searchable" android:icon="@drawable/more" />
                </activity>
                
                <activity android:name=".WeatherTabWidget" android:label="@string/app_name"
          android:theme="@android:style/Theme.NoTitleBar"
          android:configChanges="orientation|screenLayout">
         </activity> 
         
         <activity android:name=".CurrentWeatherActivity" android:label="@string/app_name" 
         android:configChanges="orientation|screenLayout"/>
         
         <activity android:name=".FutureWeatherActivity" android:label="@string/app_name" 
         android:configChanges="orientation|screenLayout"/>
         
         <!-- AdMobActivity definition --> 
                <activity android:name="com.admob.android.ads.AdMobActivity" 
                        android:theme="@android:style/Theme.NoTitleBar.Fullscreen" 
                        android:configChanges="orientation|keyboard|keyboardHidden" /> 
                        
                <!-- Track Market installs --> 
                <receiver android:name="com.admob.android.ads.analytics.InstallReceiver" 
                        android:exported="true"> 
                        <intent-filter> 
                                <action android:name="com.android.vending.INSTALL_REFERRER" /> 
                        </intent-filter> 
                </receiver> 
   
                 
                <meta-data android:value="ecfd659fc83947ee8024a3acd028410f"
                android:name="ADWHIRL_KEY"/>
                
                <meta-data android:value="true" android:name="ADMOB_ALLOW_LOCATION_FOR_ADS"/>
         
</application>

</manifest> 
