<?xml version="1.0" encoding="utf-8"?>
<manifest xmlns:android="http://schemas.android.com/apk/res/android" 
        package="org.xbmc.android.remote"
        android:versionName="0.8.5-beta1+" 
        android:versionCode="747"
        android:installLocation="preferExternal">
        <application android:icon="@drawable/icon" android:label="@string/app_name" android:debuggable="true" >
                <activity android:name=".presentation.activity.HomeActivity"
                        android:label="@string/app_name"
                        android:theme="@android:style/Theme.NoTitleBar" >
                        <intent-filter>
                                <action android:name="android.intent.action.MAIN" />
                                <category android:name="android.intent.category.LAUNCHER" />
                        </intent-filter>
                </activity>
                <activity android:name=".presentation.activity.RemoteActivity" android:theme="@android:style/Theme.NoTitleBar.Fullscreen" />
                <activity android:name=".presentation.activity.MusicLibraryActivity" android:theme="@android:style/Theme.NoTitleBar" />
                <activity android:name=".presentation.activity.MusicArtistActivity" android:theme="@android:style/Theme.NoTitleBar" />
                <activity android:name=".presentation.activity.MusicGenreActivity" android:theme="@android:style/Theme.NoTitleBar" />
                <activity android:name=".presentation.activity.MovieLibraryActivity" android:theme="@android:style/Theme.NoTitleBar" />
                <activity android:name=".presentation.activity.MovieDetailsActivity" android:theme="@android:style/Theme.NoTitleBar" />
                <activity android:name=".presentation.activity.TvShowDetailsActivity" android:theme="@android:style/Theme.NoTitleBar" />
                <activity android:name=".presentation.activity.ListActivity" android:theme="@android:style/Theme.NoTitleBar" />
                <activity android:name=".presentation.activity.GridActivity" android:theme="@android:style/Theme.NoTitleBar" android:screenOrientation="portrait" />
                <activity android:name=".presentation.activity.TvShowLibraryActivity" android:theme="@android:style/Theme.NoTitleBar" android:screenOrientation="portrait" />
                <activity android:name=".presentation.activity.NowPlayingActivity" android:theme="@android:style/Theme.NoTitleBar" android:screenOrientation="portrait" />
                <activity android:name=".presentation.activity.PlaylistActivity" android:theme="@android:style/Theme.NoTitleBar" android:screenOrientation="portrait" />
                <activity android:name=".presentation.activity.AboutActivity" android:theme="@android:style/Theme.NoTitleBar" android:screenOrientation="portrait"/>
                <activity android:name=".presentation.activity.GestureRemoteActivity" android:theme="@android:style/Theme.NoTitleBar.Fullscreen" android:screenOrientation="portrait"/>
                <activity android:name=".presentation.activity.SettingsActivity" />
                <activity android:name=".presentation.activity.HostSettingsActivity" />
                <activity android:name=".presentation.activity.EpisodeDetailsActivity" android:theme="@android:style/Theme.NoTitleBar" android:screenOrientation="portrait"></activity>
                <activity android:name=".presentation.activity.MediaIntentActivity" android:theme="@android:style/Theme.NoTitleBar" android:screenOrientation="portrait" android:label="@string/play_on_xbmc">
                        <intent-filter>
                                <action android:name="android.intent.action.VIEW" />
                                <category android:name="android.intent.category.DEFAULT" />
                                <category android:name="android.intent.category.BROWSABLE" />
                                <data android:scheme="http" android:mimeType="image/*"/>
                                <data android:scheme="http" android:mimeType="video/*"/>
                                <data android:scheme="http" android:mimeType="audio/*"/>
                        </intent-filter>
                </activity>
                <activity android:name=".presentation.wizard.setupwizard.SetupWizard"></activity>
                <receiver android:name=".business.receiver.AndroidBroadcastReceiver" android:label="@string/app_receiver">
                        <intent-filter>
                                <action android:name="android.provider.Telephony.SMS_RECEIVED" />
                                <action android:name="android.intent.action.PHONE_STATE" />
                        </intent-filter>
                </receiver>
                <provider android:name=".business.provider.HostProvider" android:authorities="org.xbmc.android.provider.remote" />
        </application>
        <uses-sdk android:minSdkVersion="3" android:targetSdkVersion="9" />
        <supports-screens
                android:largeScreens="true"
                android:normalScreens="true"
                android:smallScreens="true"
                android:xlargeScreens="true"
                android:anyDensity="true" />
        <uses-permission android:name="android.permission.INTERNET" />
        <uses-permission android:name="android.permission.ACCESS_NETWORK_STATE" />
        <uses-permission android:name="android.permission.VIBRATE" />
        <uses-permission android:name="android.permission.READ_PHONE_STATE" />
        <uses-permission android:name="android.permission.RECEIVE_SMS" />
        <uses-permission android:name="android.permission.READ_CONTACTS" />
        <uses-permission android:name="android.permission.READ_SMS" />
        <uses-permission android:name="android.permission.DISABLE_KEYGUARD" />
        <uses-permission android:name="android.permission.WRITE_EXTERNAL_STORAGE" />
        <uses-permission android:name="android.permission.ACCESS_WIFI_STATE" />
        <uses-permission android:name="android.permission.CHANGE_WIFI_STATE" />
        <uses-permission android:name="android.permission.WAKE_LOCK" />
</manifest>
