<?xml version="1.0" encoding="utf-8"?>
<manifest xmlns:android="http://schemas.android.com/apk/res/android"
      package="com.khanacademy"
      android:versionCode="1"
      android:versionName="1.1"
      android:installLocation="preferExternal">
    <application android:icon="@drawable/icon"
                         android:label="@string/app_name"
                                 android:theme="@style/WhiteText">
        <activity android:name=".KhanAcademy"
                  android:label="@string/app_name" 
                          android:configChanges="keyboardHidden|orientation">
            <intent-filter>
                <action android:name="android.intent.action.MAIN" />
                <category android:name="android.intent.category.LAUNCHER" />
            </intent-filter>
        </activity>
        <activity android:name=".Category"
                          android:label="@string/app_name" 
                          android:configChanges="keyboardHidden|orientation">
                </activity>
    </application>
    <uses-sdk android:minSdkVersion="2" />
    <uses-permission android:name="android.permission.INTERNET"></uses-permission>
</manifest> 
